{
  "crossings": [
    1.740575561810308,
    5.117129829248431
  ],
  "envelope_mass": 1.5703909745334936,
  "C2_gauss": {
    "label": "C2 (가우시안)",
    "eta_mean": 1.6823708022944557,
    "eta_sd": 0.6146395371416107,
    "drto_min": 2.860953480718924,
    "drto_max": 20.654985158607037,
    "drto_p95": 16.38807331316292,
    "drto_p99": 18.35225864618708
  },
  "C3_pareto": {
    "label": "C3 (파레토)",
    "eta_mean": 1.5141858899060208,
    "eta_sd": 0.7905963370514194,
    "drto_min": 2.8320174883478004,
    "drto_max": 23.99774219031614,
    "drto_p95": 19.915301176830965,
    "drto_p99": 23.278853636953322
  },
  "C_env": {
    "label": "C_env (복합 상한)",
    "eta_mean": 1.600278786179726,
    "eta_sd": 0.7392008692446421,
    "drto_min": 2.8234505968539554,
    "drto_max": 23.991358951521697,
    "drto_p95": 18.052493214417364,
    "drto_p99": 22.8729889816218
  },
  "U_raw_stats": {
    "gauss": {
      "mean": 3.00239586452613,
      "sd": 1.0051640668207797,
      "p95": 4.6661958714178144,
      "p99": 5.353299076848982
    },
    "pareto": {
      "mean": 2.974963312773573,
      "sd": 4.641998589645972,
      "p95": 10.386493182153012,
      "p99": 21.127556392920592
    },
    "envelope": {
      "mean": 3.081517922540901,
      "sd": 3.7120519027620835,
      "p95": 8.200776178485324,
      "p99": 17.946282101398715
    }
  },
  "cohens_d": {
    "env_vs_c2": -0.13356123573907988,
    "env_vs_c3": 0.10889614869048646,
    "c3_vs_c2": -0.2736317828992601
  },
  "cvar99": {
    "C2": 19.07952744033645,
    "C3": 23.660903146571144,
    "C_env": 23.45097775848305
  }
}